<application>
  <component name="BlockTerminalOptions">
    <option name="promptStyle" value="SINGLE_LINE" />
  </component>
  <component name="BlockTerminalUsage">
    <option name="blockTerminalUsedLastTimeMillis" value="1746238999801" />
    <option name="blockTerminalUsedLastVersion" value="251.23774.435" />
    <option name="feedbackNotificationShown" value="true" />
    <shellToExecutedCommandsNumber>
      <entry key="powershell" value="28" />
    </shellToExecutedCommandsNumber>
  </component>
  <component name="TerminalOptionsProvider">
    <option name="myCopyOnSelection" value="true" />
    <option name="myShellPath" value="C:\Program Files\PowerShell\7\pwsh.exe" />
  </component>
</application>