<application>
  <component name="Trusted.Paths">
    <option name="TRUSTED_PROJECT_PATHS">
      <map>
        <entry key="C:\Coding\java\demo\helloworld" value="true" />
        <entry key="C:\Coding\java\demo\jdbc-driver" value="true" />
        <entry key="C:\Users\eason\AppData\Local\JetBrains\IntelliJIdea2024.2\frontend\per_process_config_0\thinProject" value="true" />
        <entry key="C:\Users\eason\AppData\Local\JetBrains\IntelliJIdea2024.2\frontend\per_process_config_0\thinProject1" value="true" />
        <entry key="C:\Users\eason\Coding\java\StandUp" value="true" />
        <entry key="C:\Users\eason\Coding\java\demo\helloworld" value="true" />
        <entry key="C:\Users\eason\Coding\java\demo\maven-profile-demo" value="true" />
        <entry key="C:\Users\eason\Coding\java\project\mu-server" value="true" />
        <entry key="C:\Users\eason\Coding\java\scheduler" value="true" />
        <entry key="C:\Users\eason\Coding\js\eui" value="true" />
        <entry key="C:\Users\eason\Coding\js\eui-ts" value="true" />
        <entry key="C:\Users\eason\Coding\js\scheduler-ui" value="true" />
        <entry key="C:\Users\eason\Coding\tools\ChatGPT-Next-Web" value="true" />
        <entry key="C:\Users\eason\Coding\ts\vite-ts" value="true" />
        <entry key="C:\Users\eason\Desktop\coding\tools\StandUp" value="true" />
      </map>
    </option>
  </component>
  <component name="Trusted.Paths.Settings">
    <option name="TRUSTED_PATHS">
      <list>
        <option value="C:\Users\eason\Coding\java\demo" />
        <option value="C:\Users\eason\Coding\js" />
        <option value="C:\Users\eason\Coding\java" />
        <option value="C:\Users\eason\Coding\tools" />
        <option value="C:\Users\eason\Coding\ts" />
        <option value="C:\Users\eason\Desktop\coding\tools" />
      </list>
    </option>
  </component>
</application>