<application>
  <component name="DimensionService">
    <size key="GridCell.Tab.0.left.0.0.2560.1440" width="1196" height="416" />
    <size key="GridCell.Tab.0.center.0.0.2560.1440" width="1196" height="416" />
    <size key="GridCell.Tab.0.right.0.0.2560.1440" width="1196" height="416" />
    <size key="GridCell.Tab.0.bottom.0.0.2560.1440" width="1196" height="416" />
    <size key="GridCell.Tab.1.left.0.0.2560.1440" width="1196" height="416" />
    <size key="GridCell.Tab.1.center.0.0.2560.1440" width="1196" height="416" />
    <size key="GridCell.Tab.1.right.0.0.2560.1440" width="1196" height="416" />
    <size key="GridCell.Tab.1.bottom.0.0.2560.1440" width="1196" height="416" />
    <size key="GridCell.Tab.0.left.0.0.3440.1440" width="1731" height="411" />
    <size key="GridCell.Tab.0.center.0.0.3440.1440" width="1731" height="411" />
    <size key="GridCell.Tab.0.right.0.0.3440.1440" width="1731" height="411" />
    <size key="GridCell.Tab.0.bottom.0.0.3440.1440" width="1731" height="411" />
    <size key="GridCell.Tab.1.left.0.0.3440.1440" width="1731" height="411" />
    <size key="GridCell.Tab.1.center.0.0.3440.1440" width="1731" height="411" />
    <size key="GridCell.Tab.1.right.0.0.3440.1440" width="1731" height="411" />
    <size key="GridCell.Tab.1.bottom.0.0.3440.1440" width="1731" height="411" />
    <size key="GridCell.Tab.2.left.0.0.3440.1440" width="1731" height="411" />
    <size key="GridCell.Tab.2.center.0.0.3440.1440" width="1731" height="411" />
    <size key="GridCell.Tab.2.right.0.0.3440.1440" width="1731" height="411" />
    <size key="GridCell.Tab.2.bottom.0.0.3440.1440" width="1731" height="411" />
    <size key="GridCell.Tab.3.left.0.0.3440.1440" width="1731" height="411" />
    <size key="GridCell.Tab.3.center.0.0.3440.1440" width="1731" height="411" />
    <size key="GridCell.Tab.3.right.0.0.3440.1440" width="1731" height="411" />
    <size key="GridCell.Tab.3.bottom.0.0.3440.1440" width="1731" height="411" />
    <size key="GridCell.Tab.4.left.0.0.3440.1440" width="1731" height="411" />
    <size key="GridCell.Tab.4.center.0.0.3440.1440" width="1731" height="411" />
    <size key="GridCell.Tab.4.right.0.0.3440.1440" width="1731" height="411" />
    <size key="GridCell.Tab.4.bottom.0.0.3440.1440" width="1731" height="411" />
  </component>
  <component name="WindowManager">
    <frame x="1807" y="340" width="1433" height="902" />
  </component>
  <component name="WindowStateApplicationService">
    <state x="1500" y="319" key="FileChooserDialogImpl" timestamp="1745453954343">
      <screen x="0" y="0" width="3440" height="1392" />
    </state>
    <state x="1500" y="319" key="FileChooserDialogImpl/0.0.3440.1392" timestamp="1745453954343" />
    <state width="561" height="111" key="ShowUsagesActions.dimensionServiceKey" timestamp="1745758271650">
      <screen x="0" y="0" width="3440" height="1392" />
    </state>
    <state width="561" height="111" key="ShowUsagesActions.dimensionServiceKey/0.0.3440.1392" timestamp="1745758271650" />
    <state x="1719" y="572" width="1163" height="650" key="WELCOME_SCREEN" timestamp="1745756682889">
      <screen x="0" y="0" width="3440" height="1392" />
    </state>
    <state x="1719" y="572" width="1163" height="650" key="WELCOME_SCREEN/0.0.3440.1392" timestamp="1745756682889" />
    <state width="793" height="527" key="manage.recent.projects.popup" timestamp="1746236068068">
      <screen x="0" y="0" width="3440" height="1392" />
    </state>
    <state width="793" height="527" key="manage.recent.projects.popup/0.0.3440.1392" timestamp="1746236068068" />
    <state x="2034" y="369" width="800" height="725" key="new project wizard" timestamp="1742118997591">
      <screen x="0" y="0" width="3440" height="1392" />
    </state>
    <state x="2034" y="369" width="800" height="725" key="new project wizard/0.0.3440.1392" timestamp="1742118997591" />
  </component>
</application>