<application>
  <component name="WslLocalRecentConnectionsManager">
    <option name="connections">
      <list>
        <LocalRecentConnectionState>
          <option name="configId" value="Ubuntu" />
          <option name="projects">
            <list>
              <RecentProjectState>
                <option name="date" value="1745454423283" />
                <option name="latestUsedIde">
                  <RecentProjectInstalledIde>
                    <option name="buildNumber" value="242.20224.300" />
                    <option name="pathToIde" value="/home/eason/.cache/JetBrains/RemoteDev/dist/5cef38ce5938e_ideaIU-2024.2" />
                    <option name="productCode" value="IU" />
                  </RecentProjectInstalledIde>
                </option>
                <option name="productCode" value="IU" />
                <option name="projectPath" value="/home/eason/coding/java/hello-world" />
              </RecentProjectState>
            </list>
          </option>
        </LocalRecentConnectionState>
      </list>
    </option>
  </component>
</application>