<application>
  <component name="LocalDatabaseDriverManager" version="201">
    <driver id="duckdb">
      <artifact id="DuckDB" name="DuckDB" use="true" version="1.1.1" />
    </driver>
    <driver id="mysql.8">
      <artifact />
      <artifact id="MySQL ConnectorJ" name="MySQL ConnectorJ" use="true" version="8.0.25" />
    </driver>
    <driver id="mysql">
      <artifact />
      <artifact id="MySQL ConnectorJ" name="MySQL ConnectorJ" use="true" version="5.1.47" />
    </driver>
    <driver id="postgresql">
      <artifact id="PostgreSQL" name="PostgreSQL" use="true" version="42.2.22" />
    </driver>
  </component>
</application>