<application>
  <component name="PostfixTemplates">
    <template id="oeq@userDefined" key=".oeq" provider="builtin.java" language-level="8" topmost="true">
      <conditions>
        <condition id="notPrimitive" />
      </conditions>
      <template name="fakeKey" value="Objects.equals($EXPR$,$END$)" description="" toReformat="true" toShortenFQNames="true" />
    </template>
    <template id="iem@userDefined" key=".isem" provider="builtin.java" language-level="8" topmost="false">
      <conditions>
        <condition id="notPrimitive" />
      </conditions>
      <template name="fakeKey" value="CollectionTools.isEmpty($EXPR$)" description="" toReformat="true" toShortenFQNames="true" />
    </template>
  </component>
</application>