<application>
  <component name="Vcs.Log.App.Settings">
    <option name="COLUMN_ID_ORDER">
      <list>
        <option value="Default.Root" />
        <option value="Default.Subject" />
        <option value="Default.Author" />
        <option value="Default.Date" />
        <option value="GitHub.CommitStatus" />
      </list>
    </option>
    <option name="CUSTOM_BOOLEAN_PROPERTIES">
      <map>
        <entry key="Change.Log.Filter.on.Branch.Selection" value="true" />
        <entry key="Navigate.Log.To.Branch.on.Branch.Selection" value="false" />
      </map>
    </option>
  </component>
</application>