<keymap version="1" name="my-mac-keymap" parent="Mac OS X 10.5+">
  <action id="$Cut">
    <keyboard-shortcut first-keystroke="meta x" />
  </action>
  <action id="$Delete">
    <keyboard-shortcut first-keystroke="delete" />
  </action>
  <action id="$Redo">
    <keyboard-shortcut first-keystroke="shift meta z" />
  </action>
  <action id="ActivateBookmarksToolWindow" />
  <action id="ActivateCommitToolWindow" />
  <action id="ActivateDatabaseToolWindow">
    <keyboard-shortcut first-keystroke="alt w" second-keystroke="d" />
  </action>
  <action id="ActivateDebugToolWindow">
    <keyboard-shortcut first-keystroke="alt 3" />
  </action>
  <action id="ActivateFavoritesToolWindow" />
  <action id="ActivateFindToolWindow" />
  <action id="ActivateProblemsViewToolWindow" />
  <action id="ActivateProjectToolWindow">
    <keyboard-shortcut first-keystroke="alt 1" />
  </action>
  <action id="ActivateRunToolWindow">
    <keyboard-shortcut first-keystroke="alt 2" />
  </action>
  <action id="ActivateServicesToolWindow">
    <keyboard-shortcut first-keystroke="alt 4" />
  </action>
  <action id="ActivateStructureToolWindow" />
  <action id="ActivateVersionControlToolWindow">
    <keyboard-shortcut first-keystroke="meta g" second-keystroke="d" />
  </action>
  <action id="AliP3CInspectionAction" />
  <action id="AutoIndentLines" />
  <action id="Back">
    <keyboard-shortcut first-keystroke="meta alt left" />
  </action>
  <action id="CWMHostShowPopupAction" />
  <action id="CallHierarchy">
    <keyboard-shortcut first-keystroke="meta s" second-keystroke="shift alt h" />
  </action>
  <action id="ChangesView.Diff" />
  <action id="ChangesView.Rename">
    <keyboard-shortcut first-keystroke="meta r" second-keystroke="r" />
  </action>
  <action id="ChangesView.Revert">
    <keyboard-shortcut first-keystroke="alt g" second-keystroke="r" />
  </action>
  <action id="ChangesView.SetDefault" />
  <action id="CheckinProject">
    <keyboard-shortcut first-keystroke="alt g" second-keystroke="c" />
  </action>
  <action id="ChooseDebugConfiguration" />
  <action id="ChooseRunConfiguration" />
  <action id="CloseActiveTab" />
  <action id="CloseContent">
    <keyboard-shortcut first-keystroke="meta alt w" />
  </action>
  <action id="CloseProject">
    <keyboard-shortcut first-keystroke="alt w" second-keystroke="c" />
  </action>
  <action id="CodeCompletion" />
  <action id="CollapseAll" />
  <action id="CollapseAllRegions">
    <keyboard-shortcut first-keystroke="shift meta minus" />
  </action>
  <action id="CollapseExpandableComponent" />
  <action id="CollapseRegion">
    <keyboard-shortcut first-keystroke="meta minus" />
  </action>
  <action id="CollapseRegionRecursively" />
  <action id="CollapseTreeNode" />
  <action id="CommentByBlockComment">
    <keyboard-shortcut first-keystroke="shift meta slash" />
  </action>
  <action id="CommentByLineComment">
    <keyboard-shortcut first-keystroke="meta slash" />
  </action>
  <action id="CompareClipboardWithSelection">
    <keyboard-shortcut first-keystroke="meta e" second-keystroke="d" />
  </action>
  <action id="CompareTwoFiles" />
  <action id="Compile">
    <keyboard-shortcut first-keystroke="alt r" second-keystroke="alt b" />
  </action>
  <action id="CompileDirty">
    <keyboard-shortcut first-keystroke="alt r" second-keystroke="b" />
  </action>
  <action id="Console.Jpa.GenerateSql" />
  <action id="Console.TableResult.EditValue">
    <keyboard-shortcut first-keystroke="enter" />
    <keyboard-shortcut first-keystroke="alt enter" />
  </action>
  <action id="Console.TableResult.Reload" />
  <action id="Console.TableResult.RenameTab">
    <keyboard-shortcut first-keystroke="meta r" second-keystroke="r" />
  </action>
  <action id="ConvertJavaToKotlin" />
  <action id="CopyPaths">
    <keyboard-shortcut first-keystroke="alt f" second-keystroke="p" />
  </action>
  <action id="CopyReference">
    <keyboard-shortcut first-keystroke="meta e" second-keystroke="c" />
  </action>
  <action id="CopyReferencePopup">
    <keyboard-shortcut first-keystroke="shift meta alt c" />
  </action>
  <action id="DatabaseView.CopyDdlAction">
    <keyboard-shortcut first-keystroke="shift meta alt g" />
  </action>
  <action id="Debug">
    <keyboard-shortcut first-keystroke="alt r" second-keystroke="d" />
  </action>
  <action id="DebugClass" />
  <action id="DeviceAndSnapshotComboBox" />
  <action id="Diff.ApplyLeftSide" />
  <action id="Diff.ApplyRightSide" />
  <action id="Diff.ShowDiff" />
  <action id="DuplicatesForm.SendToLeft" />
  <action id="EditSource">
    <keyboard-shortcut first-keystroke="meta s" second-keystroke="j" />
  </action>
  <action id="Editor Delete">
    <keyboard-shortcut first-keystroke="delete" />
  </action>
  <action id="EditorAddCaretPerSelectedLine" />
  <action id="EditorAddOrRemoveCaret">
    <mouse-shortcut keystroke="alt button1" />
  </action>
  <action id="EditorAddRectangularSelectionOnMouseDrag">
    <mouse-shortcut keystroke="shift alt button1" />
  </action>
  <action id="EditorBackSpace">
    <keyboard-shortcut first-keystroke="back_space" />
  </action>
  <action id="EditorChooseLookupItemCompleteStatement" />
  <action id="EditorChooseLookupItemDot" />
  <action id="EditorCodeBlockEnd" />
  <action id="EditorCodeBlockEndWithSelection" />
  <action id="EditorCodeBlockStart" />
  <action id="EditorCodeBlockStartWithSelection" />
  <action id="EditorContextInfo" />
  <action id="EditorCreateRectangularSelection" />
  <action id="EditorCreateRectangularSelectionOnMouseDrag" />
  <action id="EditorCutLineEnd" />
  <action id="EditorDecreaseFontSizeGlobal" />
  <action id="EditorDeleteLine">
    <keyboard-shortcut first-keystroke="meta y" />
  </action>
  <action id="EditorDeleteToWordEnd" />
  <action id="EditorDeleteToWordStart" />
  <action id="EditorDown">
    <keyboard-shortcut first-keystroke="down" />
  </action>
  <action id="EditorFocusGutter" />
  <action id="EditorIncreaseFontSizeGlobal" />
  <action id="EditorJoinLines" />
  <action id="EditorLeft">
    <keyboard-shortcut first-keystroke="left" />
  </action>
  <action id="EditorLineEnd">
    <keyboard-shortcut first-keystroke="meta right" />
  </action>
  <action id="EditorLineEndWithSelection">
    <keyboard-shortcut first-keystroke="shift meta right" />
  </action>
  <action id="EditorLineStart">
    <keyboard-shortcut first-keystroke="meta left" />
  </action>
  <action id="EditorLineStartWithSelection">
    <keyboard-shortcut first-keystroke="shift meta left" />
  </action>
  <action id="EditorLookupDown" />
  <action id="EditorMatchBrace" />
  <action id="EditorMoveToPageBottom" />
  <action id="EditorMoveToPageBottomWithSelection" />
  <action id="EditorMoveToPageTop" />
  <action id="EditorMoveToPageTopWithSelection" />
  <action id="EditorNextWord">
    <keyboard-shortcut first-keystroke="alt right" />
  </action>
  <action id="EditorNextWordWithSelection">
    <keyboard-shortcut first-keystroke="shift alt right" />
  </action>
  <action id="EditorPageDown" />
  <action id="EditorPageDownWithSelection" />
  <action id="EditorPageUp" />
  <action id="EditorPageUpWithSelection" />
  <action id="EditorPasteFromX11" />
  <action id="EditorPasteSimple">
    <keyboard-shortcut first-keystroke="shift meta v" />
  </action>
  <action id="EditorPreviousWord">
    <keyboard-shortcut first-keystroke="alt left" />
  </action>
  <action id="EditorPreviousWordWithSelection">
    <keyboard-shortcut first-keystroke="shift alt left" />
  </action>
  <action id="EditorRight">
    <keyboard-shortcut first-keystroke="right" />
  </action>
  <action id="EditorScrollToCenter" />
  <action id="EditorSelectWord">
    <keyboard-shortcut first-keystroke="meta w" />
  </action>
  <action id="EditorShowGutterIconTooltip" />
  <action id="EditorSplitLine" />
  <action id="EditorStartNewLine" />
  <action id="EditorStartNewLineBefore" />
  <action id="EditorToggleCase">
    <keyboard-shortcut first-keystroke="meta e" second-keystroke="u" />
  </action>
  <action id="EditorToggleColumnMode" />
  <action id="EditorUnSelectWord">
    <keyboard-shortcut first-keystroke="shift meta w" />
  </action>
  <action id="EditorUp">
    <keyboard-shortcut first-keystroke="up" />
  </action>
  <action id="EmmetNextEditPoint" />
  <action id="EmmetPreviousEditPoint" />
  <action id="EmojiAndSymbols" />
  <action id="EvaluateExpression">
    <keyboard-shortcut first-keystroke="alt e" />
  </action>
  <action id="Exit" />
  <action id="ExpandAllRegions">
    <keyboard-shortcut first-keystroke="shift meta equals" />
  </action>
  <action id="ExpandAllToLevel1" />
  <action id="ExpandAllToLevel2" />
  <action id="ExpandAllToLevel3" />
  <action id="ExpandAllToLevel4" />
  <action id="ExpandAllToLevel5" />
  <action id="ExpandRegion">
    <keyboard-shortcut first-keystroke="meta equals" />
  </action>
  <action id="ExpandRegionRecursively" />
  <action id="ExpandToLevel1" />
  <action id="ExpandToLevel2" />
  <action id="ExpandToLevel3" />
  <action id="ExpandToLevel4" />
  <action id="ExpandToLevel5" />
  <action id="ExpressionTypeInfo">
    <keyboard-shortcut first-keystroke="meta s" second-keystroke="t" />
  </action>
  <action id="ExternalJavaDoc" />
  <action id="FileChooser.GotoDesktop" />
  <action id="FileChooser.GotoHome" />
  <action id="Find">
    <keyboard-shortcut first-keystroke="meta e" second-keystroke="f" />
  </action>
  <action id="FindInPath">
    <keyboard-shortcut first-keystroke="meta e" second-keystroke="meta f" />
  </action>
  <action id="FindNext" />
  <action id="FindPrevious" />
  <action id="FindUsages">
    <keyboard-shortcut first-keystroke="meta s" second-keystroke="u" />
  </action>
  <action id="FindUsagesInFile" />
  <action id="ForceRunToCursor" />
  <action id="ForceStepInto" />
  <action id="ForceStepOver" />
  <action id="Forward">
    <keyboard-shortcut first-keystroke="meta alt right" />
  </action>
  <action id="Generate">
    <keyboard-shortcut first-keystroke="meta e" second-keystroke="n" />
  </action>
  <action id="Git.Fetch">
    <keyboard-shortcut first-keystroke="alt g" second-keystroke="f" />
  </action>
  <action id="Git.Rename.Local.Branch">
    <keyboard-shortcut first-keystroke="meta r" second-keystroke="r" />
  </action>
  <action id="GitToolBox.BlameDetails" />
  <action id="Github.PullRequest.Comments.Reload" />
  <action id="Github.PullRequest.Details.Reload" />
  <action id="GotoAction">
    <keyboard-shortcut first-keystroke="shift meta a" />
    <keyboard-shortcut first-keystroke="meta s" second-keystroke="x" />
  </action>
  <action id="GotoBookmark0" />
  <action id="GotoBookmark1" />
  <action id="GotoBookmark2" />
  <action id="GotoBookmark6" />
  <action id="GotoBookmark7" />
  <action id="GotoBookmark8" />
  <action id="GotoBookmark9" />
  <action id="GotoClass">
    <keyboard-shortcut first-keystroke="meta s" second-keystroke="c" />
  </action>
  <action id="GotoCustomRegion" />
  <action id="GotoDeclaration">
    <mouse-shortcut keystroke="meta button1" />
  </action>
  <action id="GotoFile">
    <keyboard-shortcut first-keystroke="meta s" second-keystroke="f" />
  </action>
  <action id="GotoImplementation">
    <mouse-shortcut keystroke="meta alt button1" />
  </action>
  <action id="GotoLine">
    <keyboard-shortcut first-keystroke="meta e" second-keystroke="g" />
  </action>
  <action id="GotoNextElementUnderCaretUsage" />
  <action id="GotoNextError" />
  <action id="GotoPrevElementUnderCaretUsage" />
  <action id="GotoPreviousError" />
  <action id="GotoRelated">
    <keyboard-shortcut first-keystroke="meta alt home" />
  </action>
  <action id="GotoRow" />
  <action id="GotoSuperMethod" />
  <action id="GotoSymbol">
    <keyboard-shortcut first-keystroke="meta s" second-keystroke="s" />
  </action>
  <action id="GotoTypeDeclaration">
    <mouse-shortcut keystroke="shift meta alt button1" />
  </action>
  <action id="GsonFormat4DataBinding" />
  <action id="HideActiveWindow">
    <keyboard-shortcut first-keystroke="meta escape" />
  </action>
  <action id="HideAllWindows">
    <keyboard-shortcut first-keystroke="shift meta escape" />
  </action>
  <action id="HighlightUsagesInFile">
    <keyboard-shortcut first-keystroke="meta s" second-keystroke="alt u" />
  </action>
  <action id="HippieBackwardCompletion" />
  <action id="HippieCompletion" />
  <action id="Images.Thumbnails.Hide" />
  <action id="ImplementMethods">
    <keyboard-shortcut first-keystroke="meta e" second-keystroke="i" />
  </action>
  <action id="InsertLiveTemplate">
    <keyboard-shortcut first-keystroke="meta e" second-keystroke="j" />
  </action>
  <action id="Jdbc.OpenConsole.New.Generate" />
  <action id="JumpToLastChange" />
  <action id="JumpToLastWindow" />
  <action id="ManageRecentProjects">
    <keyboard-shortcut first-keystroke="alt w" second-keystroke="m" />
  </action>
  <action id="MavenHelper.QuickRunMavenGoal" />
  <action id="MavenHelper.QuickRunRootMavenGoal" />
  <action id="MaximizeToolWindow" />
  <action id="MethodDown" />
  <action id="MethodHierarchy">
    <keyboard-shortcut first-keystroke="meta s" second-keystroke="alt h" />
  </action>
  <action id="MethodUp" />
  <action id="MinimizeCurrentWindow" />
  <action id="MoveElementLeft" />
  <action id="MoveElementRight" />
  <action id="MoveLineDown">
    <keyboard-shortcut first-keystroke="alt down" />
  </action>
  <action id="MoveLineUp">
    <keyboard-shortcut first-keystroke="alt up" />
  </action>
  <action id="MoveStatementDown">
    <keyboard-shortcut first-keystroke="shift alt down" />
  </action>
  <action id="MoveStatementUp">
    <keyboard-shortcut first-keystroke="shift alt up" />
  </action>
  <action id="MoveTabDown">
    <keyboard-shortcut first-keystroke="alt j" />
  </action>
  <action id="MoveTabRight">
    <keyboard-shortcut first-keystroke="alt k" />
  </action>
  <action id="NavBar-selectHome">
    <keyboard-shortcut first-keystroke="home" />
  </action>
  <action id="NewClass">
    <keyboard-shortcut first-keystroke="alt f" second-keystroke="j" />
  </action>
  <action id="NewDir">
    <keyboard-shortcut first-keystroke="alt f" second-keystroke="d" />
  </action>
  <action id="NewFile">
    <keyboard-shortcut first-keystroke="alt f" second-keystroke="n" />
  </action>
  <action id="NewProject">
    <keyboard-shortcut first-keystroke="alt w" second-keystroke="alt m" />
  </action>
  <action id="NewScratchFile">
    <keyboard-shortcut first-keystroke="alt f" second-keystroke="alt n" />
  </action>
  <action id="NextProjectWindow" />
  <action id="NextSplitter" />
  <action id="NextTab">
    <keyboard-shortcut first-keystroke="shift meta alt right" />
  </action>
  <action id="OpenFile">
    <keyboard-shortcut first-keystroke="alt f" second-keystroke="alt o" />
  </action>
  <action id="OpenInRightSplit" />
  <action id="OptimizeImports">
    <keyboard-shortcut first-keystroke="meta r" second-keystroke="i" />
  </action>
  <action id="OverrideMethods">
    <keyboard-shortcut first-keystroke="meta e" second-keystroke="o" />
  </action>
  <action id="ParameterInfo">
    <keyboard-shortcut first-keystroke="meta s" second-keystroke="p" />
  </action>
  <action id="PasteMultiple">
    <keyboard-shortcut first-keystroke="shift meta alt v" />
  </action>
  <action id="PopupHector" />
  <action id="PrevSplitter" />
  <action id="PreviousProjectWindow" />
  <action id="PreviousTab">
    <keyboard-shortcut first-keystroke="shift meta alt left" />
  </action>
  <action id="PublishGroup.UploadTo" />
  <action id="QuickChangeScheme" />
  <action id="QuickEvaluateExpression">
    <keyboard-shortcut first-keystroke="shift alt e" />
  </action>
  <action id="QuickImplementations">
    <keyboard-shortcut first-keystroke="meta s" second-keystroke="q" />
  </action>
  <action id="QuickJavaDoc">
    <keyboard-shortcut first-keystroke="meta s" second-keystroke="d" />
  </action>
  <action id="RecentChanges" />
  <action id="RecentFiles">
    <keyboard-shortcut first-keystroke="alt f" second-keystroke="o" />
  </action>
  <action id="ReformatCode">
    <keyboard-shortcut first-keystroke="meta r" second-keystroke="l" />
  </action>
  <action id="Refresh" />
  <action id="RemoteHostView.Rename">
    <keyboard-shortcut first-keystroke="meta r" second-keystroke="r" />
  </action>
  <action id="RenameElement">
    <keyboard-shortcut first-keystroke="meta r" second-keystroke="r" />
  </action>
  <action id="RenameFile">
    <keyboard-shortcut first-keystroke="alt f" second-keystroke="r" />
  </action>
  <action id="Replace">
    <keyboard-shortcut first-keystroke="meta e" second-keystroke="r" />
  </action>
  <action id="ReplaceInPath">
    <keyboard-shortcut first-keystroke="meta e" second-keystroke="meta r" />
  </action>
  <action id="Rerun" />
  <action id="RerunTests" />
  <action id="ResizeToolWindowDown" />
  <action id="ResizeToolWindowLeft" />
  <action id="ResizeToolWindowRight" />
  <action id="ResizeToolWindowUp" />
  <action id="ResourceExplorer.show" />
  <action id="RestoreDefaultLayout" />
  <action id="Resume" />
  <action id="Run">
    <keyboard-shortcut first-keystroke="alt r" second-keystroke="r" />
  </action>
  <action id="RunAnything">
    <keyboard-shortcut first-keystroke="alt r" second-keystroke="a" />
  </action>
  <action id="RunClass" />
  <action id="RunDashboard.Debug" />
  <action id="RunDashboard.Run" />
  <action id="RunInspection" />
  <action id="RunJsbtTask" />
  <action id="RunTargetAction" />
  <action id="RunToCursor">
    <keyboard-shortcut first-keystroke="alt q" />
  </action>
  <action id="SaveAll">
    <keyboard-shortcut first-keystroke="alt f" second-keystroke="s" />
  </action>
  <action id="SearchEverywhere">
    <keyboard-shortcut first-keystroke="meta s" second-keystroke="a" />
  </action>
  <action id="SearchEverywhere.NavigateToPrevGroup">
    <keyboard-shortcut first-keystroke="page_up" />
  </action>
  <action id="SelectAllOccurrences">
    <keyboard-shortcut first-keystroke="meta s" second-keystroke="o" />
  </action>
  <action id="SelectNextOccurrence" />
  <action id="SendEOF" />
  <action id="ServiceView.ShowServices" />
  <action id="Session.Rename">
    <keyboard-shortcut first-keystroke="meta r" second-keystroke="r" />
  </action>
  <action id="ShelvedChanges.Rename">
    <keyboard-shortcut first-keystroke="meta r" second-keystroke="r" />
  </action>
  <action id="ShowBookmarks" />
  <action id="ShowContent" />
  <action id="ShowExecutionPoint">
    <keyboard-shortcut first-keystroke="alt x" />
  </action>
  <action id="ShowIntentionActions">
    <keyboard-shortcut first-keystroke="meta enter" />
  </action>
  <action id="ShowNavBar">
    <keyboard-shortcut first-keystroke="alt home" />
  </action>
  <action id="ShowProjectStructureSettings">
    <keyboard-shortcut first-keystroke="alt w" second-keystroke="p" />
  </action>
  <action id="ShowReformatFileDialog">
    <keyboard-shortcut first-keystroke="meta r" second-keystroke="meta l" />
  </action>
  <action id="ShowSettings" />
  <action id="ShowSettingsAndFindUsages">
    <keyboard-shortcut first-keystroke="meta s" second-keystroke="meta alt u" />
  </action>
  <action id="ShowTypeBookmarks" />
  <action id="ShowUsages">
    <keyboard-shortcut first-keystroke="meta s" second-keystroke="meta u" />
  </action>
  <action id="SmartStepInto" />
  <action id="SmartTypeCompletion" />
  <action id="SplitHorizontally">
    <keyboard-shortcut first-keystroke="shift alt j" />
  </action>
  <action id="SplitVertically">
    <keyboard-shortcut first-keystroke="shift alt k" />
  </action>
  <action id="StepInto">
    <keyboard-shortcut first-keystroke="alt d" />
  </action>
  <action id="StepOut">
    <keyboard-shortcut first-keystroke="alt a" />
  </action>
  <action id="StepOver">
    <keyboard-shortcut first-keystroke="alt s" />
  </action>
  <action id="Stop">
    <keyboard-shortcut first-keystroke="alt r" second-keystroke="s" />
  </action>
  <action id="StopBackgroundProcesses" />
  <action id="SurroundWith">
    <keyboard-shortcut first-keystroke="alt t" />
  </action>
  <action id="Svn.RefreshWorkingCopies" />
  <action id="SwitchCoverage" />
  <action id="SwitcherIterateItems" />
  <action id="SwitcherRecentEditedChangedToggleCheckBox" />
  <action id="Synchronize">
    <keyboard-shortcut first-keystroke="alt f" second-keystroke="l" />
  </action>
  <action id="Terminal.SmartCommandExecution.Debug" />
  <action id="ToggleBookmark" />
  <action id="ToggleBookmarkWithMnemonic" />
  <action id="ToggleFullScreen" />
  <action id="ToggleLineBreakpoint">
    <keyboard-shortcut first-keystroke="alt f8" />
  </action>
  <action id="ToggleTemporaryLineBreakpoint">
    <keyboard-shortcut first-keystroke="shift alt f8" />
  </action>
  <action id="TypeHierarchy">
    <keyboard-shortcut first-keystroke="meta s" second-keystroke="h" />
  </action>
  <action id="UnselectPreviousOccurrence" />
  <action id="UpdateRunningApplication">
    <keyboard-shortcut first-keystroke="shift alt u" />
  </action>
  <action id="UsageGrouping.DirectoryStructure" />
  <action id="Vcs.Log.Refresh" />
  <action id="Vcs.Push">
    <keyboard-shortcut first-keystroke="alt g" second-keystroke="p" />
  </action>
  <action id="Vcs.QuickListPopupAction">
    <keyboard-shortcut first-keystroke="alt g" second-keystroke="o" />
  </action>
  <action id="Vcs.UpdateProject">
    <keyboard-shortcut first-keystroke="alt g" second-keystroke="u" />
  </action>
  <action id="VcsShowNextChangeMarker" />
  <action id="VcsShowPrevChangeMarker" />
  <action id="ViewBreakpoints">
    <keyboard-shortcut first-keystroke="meta alt f8" />
  </action>
  <action id="ViewInplaceComments" />
  <action id="WD.UploadCurrentRemoteFileAction" />
  <action id="XDebugger.AttachToProcess" />
  <action id="XDebugger.JumpToTypeSource">
    <keyboard-shortcut first-keystroke="meta s" second-keystroke="meta j" />
  </action>
  <action id="XPathView.Actions.Evaluate" />
  <action id="XPathView.Actions.FindByExpression" />
  <action id="XPathView.Actions.ShowPath" />
  <action id="ZoomCurrentWindow" />
  <action id="android.deploy.CodeSwap" />
  <action id="context.clear" />
  <action id="openAssertEqualsDiff" />
  <action id="sql.SelectInDatabaseView" />
  <action id="tasks.close" />
  <action id="tasks.goto" />
  <action id="tasks.open.in.browser" />
  <action id="tasks.switch" />
</keymap>