<keymap version="1" name="Semantic Shortcut" parent="$default">
  <action id="$Copy">
    <keyboard-shortcut first-keystroke="ctrl c" />
  </action>
  <action id="$Cut">
    <keyboard-shortcut first-keystroke="ctrl x" />
  </action>
  <action id="$Paste">
    <keyboard-shortcut first-keystroke="ctrl v" />
  </action>
  <action id="$Redo">
    <keyboard-shortcut first-keystroke="shift ctrl z" />
  </action>
  <action id="$Undo">
    <keyboard-shortcut first-keystroke="ctrl z" />
  </action>
  <action id="ActivateBigDataToolWindowToolWindow">
    <keyboard-shortcut first-keystroke="shift ctrl alt b" />
  </action>
  <action id="ActivateBookmarksToolWindow" />
  <action id="ActivateCommitToolWindow" />
  <action id="ActivateDebugToolWindow">
    <keyboard-shortcut first-keystroke="ctrl 2" />
  </action>
  <action id="ActivateFindToolWindow" />
  <action id="ActivateProblemsViewToolWindow" />
  <action id="ActivateProjectToolWindow">
    <keyboard-shortcut first-keystroke="alt 1" />
    <keyboard-shortcut first-keystroke="ctrl alt 1" />
  </action>
  <action id="ActivateRunToolWindow">
    <keyboard-shortcut first-keystroke="ctrl 1" />
  </action>
  <action id="ActivateServicesToolWindow">
    <keyboard-shortcut first-keystroke="ctrl 3" />
  </action>
  <action id="ActivateStructureToolWindow" />
  <action id="ActivateTerminalToolWindow">
    <keyboard-shortcut first-keystroke="ctrl 4" />
    <keyboard-shortcut first-keystroke="ctrl t" second-keystroke="t" />
  </action>
  <action id="ActivateVersionControlToolWindow" />
  <action id="ActivateXFTPToolWindow">
    <keyboard-shortcut first-keystroke="ctrl 5" />
  </action>
  <action id="Arrangement.Alias.Rule.Match.Condition.Move.Down" />
  <action id="Arrangement.Rule.Group.Condition.Move.Down" />
  <action id="Arrangement.Rule.Group.Condition.Move.Up" />
  <action id="Arrangement.Rule.Match.Condition.Move.Down" />
  <action id="Arrangement.Rule.Match.Condition.Move.Up" />
  <action id="AssociateWithFileType">
    <keyboard-shortcut first-keystroke="alt f" second-keystroke="t" />
  </action>
  <action id="AutoIndentLines" />
  <action id="Back">
    <keyboard-shortcut first-keystroke="ctrl alt left" />
  </action>
  <action id="CallHierarchy">
    <keyboard-shortcut first-keystroke="ctrl s" second-keystroke="ctrl alt h" />
  </action>
  <action id="ChangesView.Revert">
    <keyboard-shortcut first-keystroke="ctrl g" second-keystroke="r" />
  </action>
  <action id="CheckinProject">
    <keyboard-shortcut first-keystroke="ctrl g" second-keystroke="c" />
  </action>
  <action id="ChooseDebugConfiguration" />
  <action id="ChooseRunConfiguration" />
  <action id="CloseAllEditors">
    <keyboard-shortcut first-keystroke="shift ctrl alt w" />
  </action>
  <action id="CloseContent">
    <keyboard-shortcut first-keystroke="ctrl alt w" />
  </action>
  <action id="CloseProject">
    <keyboard-shortcut first-keystroke="alt w" second-keystroke="c" />
  </action>
  <action id="CodeCompletion" />
  <action id="CollapseAllRegions">
    <keyboard-shortcut first-keystroke="ctrl e" second-keystroke="ctrl minus" />
  </action>
  <action id="CollapseBlock" />
  <action id="CollapseRegion">
    <keyboard-shortcut first-keystroke="ctrl e" second-keystroke="minus" />
  </action>
  <action id="CollapseRegionRecursively" />
  <action id="CollapseSelection" />
  <action id="CompareFileWithEditor">
    <keyboard-shortcut first-keystroke="ctrl e" second-keystroke="d" />
  </action>
  <action id="CompareTwoFiles" />
  <action id="Compile">
    <keyboard-shortcut first-keystroke="alt r" second-keystroke="alt b" />
  </action>
  <action id="CompileDirty">
    <keyboard-shortcut first-keystroke="alt r" second-keystroke="b" />
  </action>
  <action id="Console.TableResult.CopyAggregatorResult" />
  <action id="ConvertJavaToKotlin" />
  <action id="CopyAbsolutePath">
    <keyboard-shortcut first-keystroke="alt f" second-keystroke="p" />
  </action>
  <action id="CopyPaths" />
  <action id="CopyReference">
    <keyboard-shortcut first-keystroke="ctrl e" second-keystroke="c" />
  </action>
  <action id="Debug">
    <keyboard-shortcut first-keystroke="alt r" second-keystroke="d" />
  </action>
  <action id="DeviceAndSnapshotComboBox" />
  <action id="Diff.ApplyLeftSide" />
  <action id="Diff.NextChange" />
  <action id="Diff.PrevChange" />
  <action id="DumpLookupElementWeights" />
  <action id="DuplicatesForm.SendToLeft" />
  <action id="DuplicatesForm.SendToRight" />
  <action id="EditSource">
    <keyboard-shortcut first-keystroke="ctrl s" second-keystroke="j" />
    <keyboard-shortcut first-keystroke="f4" />
  </action>
  <action id="EditorAddCaretPerSelectedLine" />
  <action id="EditorAddOrRemoveCaret">
    <mouse-shortcut keystroke="alt button1" />
  </action>
  <action id="EditorAddRectangularSelectionOnMouseDrag">
    <mouse-shortcut keystroke="shift alt button1" />
  </action>
  <action id="EditorBackSpace">
    <keyboard-shortcut first-keystroke="back_space" />
  </action>
  <action id="EditorCodeBlockEnd" />
  <action id="EditorCodeBlockEndWithSelection" />
  <action id="EditorCodeBlockStart" />
  <action id="EditorCodeBlockStartWithSelection" />
  <action id="EditorContextInfo" />
  <action id="EditorCopy">
    <keyboard-shortcut first-keystroke="ctrl c" />
  </action>
  <action id="EditorCreateRectangularSelection" />
  <action id="EditorCreateRectangularSelectionOnMouseDrag" />
  <action id="EditorCut">
    <keyboard-shortcut first-keystroke="ctrl x" />
  </action>
  <action id="EditorDecreaseFontSizeGlobal" />
  <action id="EditorDeleteToWordEnd" />
  <action id="EditorDeleteToWordStart" />
  <action id="EditorFocusGutter" />
  <action id="EditorIncreaseFontSizeGlobal" />
  <action id="EditorJoinLines" />
  <action id="EditorLineEnd">
    <keyboard-shortcut first-keystroke="end" />
    <keyboard-shortcut first-keystroke="ctrl right" />
  </action>
  <action id="EditorLineEndWithSelection">
    <keyboard-shortcut first-keystroke="shift end" />
    <keyboard-shortcut first-keystroke="shift ctrl right" />
  </action>
  <action id="EditorLineStart">
    <keyboard-shortcut first-keystroke="home" />
    <keyboard-shortcut first-keystroke="ctrl left" />
  </action>
  <action id="EditorLineStartWithSelection">
    <keyboard-shortcut first-keystroke="shift home" />
    <keyboard-shortcut first-keystroke="shift ctrl left" />
  </action>
  <action id="EditorMatchBrace" />
  <action id="EditorMoveToPageBottom" />
  <action id="EditorMoveToPageBottomWithSelection" />
  <action id="EditorMoveToPageTop" />
  <action id="EditorMoveToPageTopWithSelection" />
  <action id="EditorNextWord">
    <keyboard-shortcut first-keystroke="alt right" />
  </action>
  <action id="EditorNextWordWithSelection">
    <keyboard-shortcut first-keystroke="shift alt right" />
  </action>
  <action id="EditorPageDown" />
  <action id="EditorPageDownWithSelection" />
  <action id="EditorPageUp" />
  <action id="EditorPageUpWithSelection" />
  <action id="EditorPasteSimple">
    <keyboard-shortcut first-keystroke="shift ctrl v" />
  </action>
  <action id="EditorPreviousWord">
    <keyboard-shortcut first-keystroke="alt left" />
  </action>
  <action id="EditorPreviousWordWithSelection">
    <keyboard-shortcut first-keystroke="shift alt left" />
  </action>
  <action id="EditorScrollDown" />
  <action id="EditorScrollToCenter" />
  <action id="EditorScrollUp" />
  <action id="EditorShowGutterIconTooltip" />
  <action id="EditorSplitLine" />
  <action id="EditorStartNewLine" />
  <action id="EditorStartNewLineBefore" />
  <action id="EditorToggleCase">
    <keyboard-shortcut first-keystroke="ctrl e" second-keystroke="u" />
  </action>
  <action id="EditorToggleColumnMode" />
  <action id="EditorToggleInsertState" />
  <action id="EmmetNextEditPoint" />
  <action id="EmmetPreviousEditPoint" />
  <action id="EmojiPicker.Open" />
  <action id="EvaluateExpression">
    <keyboard-shortcut first-keystroke="alt e" />
  </action>
  <action id="ExpandAllRegions">
    <keyboard-shortcut first-keystroke="ctrl e" second-keystroke="ctrl equals" />
  </action>
  <action id="ExpandAllToLevel1" />
  <action id="ExpandAllToLevel2" />
  <action id="ExpandAllToLevel3" />
  <action id="ExpandAllToLevel4" />
  <action id="ExpandAllToLevel5" />
  <action id="ExpandRegion">
    <keyboard-shortcut first-keystroke="ctrl e" second-keystroke="equals" />
  </action>
  <action id="ExpandRegionRecursively" />
  <action id="ExpandToLevel1" />
  <action id="ExpandToLevel2" />
  <action id="ExpandToLevel3" />
  <action id="ExpandToLevel4" />
  <action id="ExpandToLevel5" />
  <action id="ExpressionTypeInfo">
    <keyboard-shortcut first-keystroke="ctrl s" second-keystroke="t" />
  </action>
  <action id="ExternalJavaDoc" />
  <action id="FileChooser.GotoHome" />
  <action id="FileChooser.GotoModule" />
  <action id="FileChooser.GotoProject" />
  <action id="Find">
    <keyboard-shortcut first-keystroke="ctrl e" second-keystroke="f" />
  </action>
  <action id="FindInPath">
    <keyboard-shortcut first-keystroke="ctrl e" second-keystroke="ctrl f" />
  </action>
  <action id="FindNext" />
  <action id="FindPrevWordAtCaret" />
  <action id="FindPrevious" />
  <action id="FindUsages">
    <keyboard-shortcut first-keystroke="ctrl s" second-keystroke="u" />
  </action>
  <action id="FindUsagesInFile">
    <keyboard-shortcut first-keystroke="ctrl s" second-keystroke="ctrl u" />
  </action>
  <action id="FindWordAtCaret" />
  <action id="ForceRunToCursor" />
  <action id="ForceStepInto" />
  <action id="ForceStepOver" />
  <action id="Forward">
    <keyboard-shortcut first-keystroke="ctrl alt right" />
  </action>
  <action id="Generate">
    <keyboard-shortcut first-keystroke="ctrl e" second-keystroke="n" />
  </action>
  <action id="Git.Fetch">
    <keyboard-shortcut first-keystroke="ctrl g" second-keystroke="f" />
  </action>
  <action id="GotoAction">
    <keyboard-shortcut first-keystroke="ctrl s" second-keystroke="x" />
  </action>
  <action id="GotoBookmark1" />
  <action id="GotoBookmark2" />
  <action id="GotoBookmark3" />
  <action id="GotoBookmark4" />
  <action id="GotoBookmark5" />
  <action id="GotoClass">
    <keyboard-shortcut first-keystroke="ctrl s" second-keystroke="c" />
  </action>
  <action id="GotoDeclaration">
    <mouse-shortcut keystroke="control button1" />
  </action>
  <action id="GotoFile">
    <keyboard-shortcut first-keystroke="ctrl s" second-keystroke="f" />
  </action>
  <action id="GotoImplementation">
    <mouse-shortcut keystroke="control alt button1" />
  </action>
  <action id="GotoLine">
    <keyboard-shortcut first-keystroke="ctrl e" second-keystroke="g" />
  </action>
  <action id="GotoNextError" />
  <action id="GotoPreviousError" />
  <action id="GotoRow">
    <keyboard-shortcut first-keystroke="ctrl e" second-keystroke="g" />
  </action>
  <action id="GotoTypeDeclaration">
    <mouse-shortcut keystroke="shift control button1" />
  </action>
  <action id="HighlightUsagesInFile">
    <keyboard-shortcut first-keystroke="ctrl s" second-keystroke="ctrl alt u" />
  </action>
  <action id="HippieBackwardCompletion" />
  <action id="HippieCompletion" />
  <action id="ImplementMethods">
    <keyboard-shortcut first-keystroke="ctrl e" second-keystroke="i" />
  </action>
  <action id="InsertLiveTemplate">
    <keyboard-shortcut first-keystroke="ctrl e" second-keystroke="j" />
  </action>
  <action id="Jdbc.OpenConsole.New.Generate" />
  <action id="JumpToLastChange" />
  <action id="Kotlin.RunScratch" />
  <action id="ManageRecentProjects">
    <keyboard-shortcut first-keystroke="alt w" second-keystroke="p" />
  </action>
  <action id="MethodDown" />
  <action id="MethodHierarchy">
    <keyboard-shortcut first-keystroke="ctrl s" second-keystroke="alt h" />
  </action>
  <action id="MethodUp" />
  <action id="MoveElementLeft" />
  <action id="MoveElementRight" />
  <action id="MoveStatementDown">
    <keyboard-shortcut first-keystroke="alt up" />
  </action>
  <action id="MoveStatementUp">
    <keyboard-shortcut first-keystroke="alt down" />
  </action>
  <action id="MoveTabDown">
    <keyboard-shortcut first-keystroke="alt j" />
  </action>
  <action id="MoveTabRight">
    <keyboard-shortcut first-keystroke="alt l" />
  </action>
  <action id="NewClass">
    <keyboard-shortcut first-keystroke="alt f" second-keystroke="j" />
  </action>
  <action id="NewDir">
    <keyboard-shortcut first-keystroke="alt f" second-keystroke="d" />
  </action>
  <action id="NewFile">
    <keyboard-shortcut first-keystroke="alt f" second-keystroke="n" />
  </action>
  <action id="NewScratchFile">
    <keyboard-shortcut first-keystroke="alt f" second-keystroke="alt n" />
  </action>
  <action id="NextEditorTab" />
  <action id="NextProjectWindow" />
  <action id="NextTab">
    <keyboard-shortcut first-keystroke="shift ctrl alt right" />
  </action>
  <action id="OpenFile">
    <keyboard-shortcut first-keystroke="alt f" second-keystroke="o" />
  </action>
  <action id="OpenInRightSplit" />
  <action id="OpenProjectGroup">
    <keyboard-shortcut first-keystroke="alt w" second-keystroke="alt p" />
  </action>
  <action id="OptimizeImports">
    <keyboard-shortcut first-keystroke="ctrl r" second-keystroke="i" />
  </action>
  <action id="OverrideMethods">
    <keyboard-shortcut first-keystroke="ctrl e" second-keystroke="o" />
  </action>
  <action id="ParameterInfo">
    <keyboard-shortcut first-keystroke="ctrl s" second-keystroke="p" />
  </action>
  <action id="PasteMultiple" />
  <action id="PopupHector" />
  <action id="PreviousEditorTab" />
  <action id="PreviousProjectWindow" />
  <action id="PreviousTab">
    <keyboard-shortcut first-keystroke="shift ctrl alt left" />
  </action>
  <action id="PublishGroup.UploadTo" />
  <action id="QuickChangeScheme" />
  <action id="QuickEvaluateExpression">
    <keyboard-shortcut first-keystroke="shift alt e" />
  </action>
  <action id="QuickImplementations">
    <keyboard-shortcut first-keystroke="ctrl s" second-keystroke="q" />
  </action>
  <action id="QuickJavaDoc">
    <keyboard-shortcut first-keystroke="ctrl s" second-keystroke="d" />
  </action>
  <action id="RecentChanges" />
  <action id="RecentFiles">
    <keyboard-shortcut first-keystroke="alt f" second-keystroke="alt o" />
  </action>
  <action id="RecentLocations" />
  <action id="ReformatCode">
    <keyboard-shortcut first-keystroke="ctrl r" second-keystroke="l" />
  </action>
  <action id="RemoteHostView.CopyPaths" />
  <action id="RenameElement">
    <keyboard-shortcut first-keystroke="ctrl r" second-keystroke="r" />
  </action>
  <action id="RenameFile">
    <keyboard-shortcut first-keystroke="alt f" second-keystroke="r" />
  </action>
  <action id="Replace">
    <keyboard-shortcut first-keystroke="ctrl e" second-keystroke="r" />
  </action>
  <action id="ReplaceInPath">
    <keyboard-shortcut first-keystroke="ctrl e" second-keystroke="ctrl r" />
  </action>
  <action id="ResizeToolWindowLeft" />
  <action id="ResizeToolWindowRight" />
  <action id="Resume" />
  <action id="RevealIn">
    <keyboard-shortcut first-keystroke="alt f" second-keystroke="e" />
  </action>
  <action id="Run">
    <keyboard-shortcut first-keystroke="alt r" second-keystroke="r" />
  </action>
  <action id="RunAnything">
    <keyboard-shortcut first-keystroke="alt r" second-keystroke="a" />
    <keyboard-shortcut first-keystroke="ctrl alt r" />
  </action>
  <action id="RunInspection" />
  <action id="RunTargetAction" />
  <action id="RunToCursor">
    <keyboard-shortcut first-keystroke="alt q" />
  </action>
  <action id="SaveAll">
    <keyboard-shortcut first-keystroke="alt f" second-keystroke="s" />
  </action>
  <action id="Scala.NewClass">
    <keyboard-shortcut first-keystroke="alt f" second-keystroke="alt j" />
  </action>
  <action id="Scala.ShowImplicits">
    <keyboard-shortcut first-keystroke="shift ctrl alt equals" />
    <keyboard-shortcut first-keystroke="shift ctrl alt add" />
  </action>
  <action id="SearchEverywhere">
    <keyboard-shortcut first-keystroke="ctrl s" second-keystroke="a" />
  </action>
  <action id="SelectAllOccurrences">
    <keyboard-shortcut first-keystroke="ctrl s" second-keystroke="o" />
  </action>
  <action id="SelectNextOccurrence" />
  <action id="SelectVirtualTemplateElement">
    <keyboard-shortcut first-keystroke="ctrl r" second-keystroke="o" />
  </action>
  <action id="ShowBookmarks" />
  <action id="ShowContent" />
  <action id="ShowErrorDescription" />
  <action id="ShowExecutionPoint">
    <keyboard-shortcut first-keystroke="alt x" />
  </action>
  <action id="ShowIntentionActions">
    <keyboard-shortcut first-keystroke="alt enter" />
    <keyboard-shortcut first-keystroke="ctrl enter" />
  </action>
  <action id="ShowProjectStructureSettings">
    <keyboard-shortcut first-keystroke="alt w" second-keystroke="alt s" />
  </action>
  <action id="ShowReformatFileDialog" />
  <action id="ShowSearchHistory" />
  <action id="ShowSettings">
    <keyboard-shortcut first-keystroke="alt w" second-keystroke="s" />
    <keyboard-shortcut first-keystroke="ctrl comma" />
  </action>
  <action id="ShowSettingsAndFindUsages" />
  <action id="ShowTypeBookmarks" />
  <action id="ShowUsages" />
  <action id="SmartStepInto" />
  <action id="SplitHorizontally">
    <keyboard-shortcut first-keystroke="shift alt j" />
  </action>
  <action id="SplitVertically">
    <keyboard-shortcut first-keystroke="shift alt l" />
  </action>
  <action id="StepInto">
    <keyboard-shortcut first-keystroke="alt d" />
  </action>
  <action id="StepOut">
    <keyboard-shortcut first-keystroke="alt a" />
  </action>
  <action id="StepOver">
    <keyboard-shortcut first-keystroke="alt s" />
  </action>
  <action id="Stop">
    <keyboard-shortcut first-keystroke="alt r" second-keystroke="s" />
  </action>
  <action id="StopBackgroundProcesses" />
  <action id="SurroundWith">
    <keyboard-shortcut first-keystroke="ctrl r" second-keystroke="s" />
  </action>
  <action id="SwitchCoverage" />
  <action id="SwitcherIterateItems" />
  <action id="SwitcherRecentEditedChangedToggleCheckBox" />
  <action id="Synchronize">
    <keyboard-shortcut first-keystroke="alt f" second-keystroke="l" />
  </action>
  <action id="ToggleBookmark" />
  <action id="ToggleBookmarkWithMnemonic" />
  <action id="ToggleFindInSelection" />
  <action id="TypeHierarchy">
    <keyboard-shortcut first-keystroke="ctrl s" second-keystroke="h" />
  </action>
  <action id="UnselectPreviousOccurrence" />
  <action id="Unwrap">
    <keyboard-shortcut first-keystroke="ctrl r" second-keystroke="alt s" />
  </action>
  <action id="UpdateRunningApplication">
    <keyboard-shortcut first-keystroke="shift alt u" />
  </action>
  <action id="UsageFiltering.ReadAccess" />
  <action id="UsageView.ShowRecentFindUsages" />
  <action id="Vcs.Push">
    <keyboard-shortcut first-keystroke="ctrl g" second-keystroke="p" />
  </action>
  <action id="Vcs.QuickListPopupAction">
    <keyboard-shortcut first-keystroke="ctrl g" second-keystroke="g" />
  </action>
  <action id="Vcs.ShowHistoryForBlock">
    <keyboard-shortcut first-keystroke="ctrl g" second-keystroke="alt h" />
  </action>
  <action id="Vcs.ShowTabbedFileHistory">
    <keyboard-shortcut first-keystroke="ctrl g" second-keystroke="h" />
  </action>
  <action id="Vcs.UpdateProject">
    <keyboard-shortcut first-keystroke="ctrl g" second-keystroke="u" />
  </action>
  <action id="ViewBreakpoints">
    <keyboard-shortcut first-keystroke="ctrl alt released f8" />
  </action>
  <action id="ViewSource" />
  <action id="WelcomeScreen.CopyProjectPath" />
  <action id="XDebugger.AttachToProcess" />
  <action id="XDebugger.JumpToTypeSource">
    <keyboard-shortcut first-keystroke="shift f4" />
    <keyboard-shortcut first-keystroke="ctrl s" second-keystroke="alt j" />
  </action>
  <action id="XPathView.Actions.Evaluate" />
  <action id="XPathView.Actions.FindByExpression" />
  <action id="XPathView.Actions.ShowPath" />
  <action id="android.deploy.CodeSwap" />
  <action id="android.device.rotate.right" />
  <action id="android.device.screen.record" />
  <action id="context.load" />
  <action id="tasks.open.in.browser" />
  <action id="tasks.switch" />
</keymap>