<keymap version="1" name="windows&amp;linux" parent="$default">
  <action id="$Copy">
    <keyboard-shortcut first-keystroke="ctrl c" />
  </action>
  <action id="$Cut">
    <keyboard-shortcut first-keystroke="ctrl x" />
  </action>
  <action id="$LRU">
    <keyboard-shortcut first-keystroke="ctrl alt o" />
  </action>
  <action id="$Paste">
    <keyboard-shortcut first-keystroke="ctrl v" />
  </action>
  <action id="$Redo">
    <keyboard-shortcut first-keystroke="shift ctrl z" />
  </action>
  <action id="$Undo">
    <keyboard-shortcut first-keystroke="ctrl z" />
  </action>
  <action id="AliP3CInspectionAction" />
  <action id="AutoIndentLines" />
  <action id="Back">
    <keyboard-shortcut first-keystroke="ctrl alt left" />
  </action>
  <action id="CWMHostShowPopupAction" />
  <action id="CallHierarchy">
    <keyboard-shortcut first-keystroke="shift alt h" />
  </action>
  <action id="ChooseDebugConfiguration" />
  <action id="ChooseRunConfiguration" />
  <action id="CloseActiveTab" />
  <action id="CloseContent">
    <keyboard-shortcut first-keystroke="ctrl alt w" />
  </action>
  <action id="CodeCompletion" />
  <action id="CollapseBlock" />
  <action id="CollapseRegionRecursively" />
  <action id="CollapseSelection" />
  <action id="CompareTwoFiles" />
  <action id="Compile">
    <keyboard-shortcut first-keystroke="shift alt b" />
  </action>
  <action id="CompileDirty">
    <keyboard-shortcut first-keystroke="alt b" />
  </action>
  <action id="ConvertJavaToKotlin" />
  <action id="CopyPaths">
    <keyboard-shortcut first-keystroke="alt p" />
  </action>
  <action id="CopyReference">
    <keyboard-shortcut first-keystroke="shift ctrl c" />
  </action>
  <action id="Coverage">
    <keyboard-shortcut first-keystroke="shift alt c" />
  </action>
  <action id="Debug">
    <keyboard-shortcut first-keystroke="shift alt d" />
  </action>
  <action id="Debugger.PopFrame">
    <keyboard-shortcut first-keystroke="alt w" />
  </action>
  <action id="Debugger.ResumeThread">
    <keyboard-shortcut first-keystroke="alt r" />
  </action>
  <action id="DeviceAndSnapshotComboBox" />
  <action id="Diff.NextChange" />
  <action id="Diff.PrevChange" />
  <action id="Editor LRU">
    <keyboard-shortcut first-keystroke="ctrl alt o" />
  </action>
  <action id="EditorAddCaretPerSelectedLine" />
  <action id="EditorAddOrRemoveCaret">
    <mouse-shortcut keystroke="shift control alt button1" />
  </action>
  <action id="EditorAddRectangularSelectionOnMouseDrag">
    <mouse-shortcut keystroke="shift alt button1" />
  </action>
  <action id="EditorBackSpace">
    <keyboard-shortcut first-keystroke="back_space" />
  </action>
  <action id="EditorChooseLookupItemDot" />
  <action id="EditorCodeBlockEnd" />
  <action id="EditorCodeBlockEndWithSelection" />
  <action id="EditorCodeBlockStart" />
  <action id="EditorCodeBlockStartWithSelection" />
  <action id="EditorContextInfo" />
  <action id="EditorCreateRectangularSelection" />
  <action id="EditorCreateRectangularSelectionOnMouseDrag" />
  <action id="EditorDecreaseFontSizeGlobal" />
  <action id="EditorDeleteToWordEnd" />
  <action id="EditorDeleteToWordStart" />
  <action id="EditorFocusGutter" />
  <action id="EditorIncreaseFontSizeGlobal" />
  <action id="EditorJoinLines" />
  <action id="EditorLineEnd">
    <keyboard-shortcut first-keystroke="ctrl right" />
  </action>
  <action id="EditorLineEndWithSelection">
    <keyboard-shortcut first-keystroke="shift ctrl right" />
  </action>
  <action id="EditorLineStart">
    <keyboard-shortcut first-keystroke="ctrl left" />
  </action>
  <action id="EditorLineStartWithSelection">
    <keyboard-shortcut first-keystroke="shift ctrl left" />
  </action>
  <action id="EditorMatchBrace" />
  <action id="EditorMoveToPageBottom" />
  <action id="EditorMoveToPageBottomWithSelection" />
  <action id="EditorMoveToPageTop" />
  <action id="EditorMoveToPageTopWithSelection" />
  <action id="EditorNextWord">
    <keyboard-shortcut first-keystroke="alt right" />
  </action>
  <action id="EditorNextWordWithSelection">
    <keyboard-shortcut first-keystroke="shift alt right" />
  </action>
  <action id="EditorPageDown" />
  <action id="EditorPageDownWithSelection" />
  <action id="EditorPageUp" />
  <action id="EditorPageUpWithSelection" />
  <action id="EditorPasteFromX11" />
  <action id="EditorPasteSimple">
    <keyboard-shortcut first-keystroke="shift ctrl v" />
  </action>
  <action id="EditorPreviousWord">
    <keyboard-shortcut first-keystroke="alt left" />
  </action>
  <action id="EditorPreviousWordWithSelection">
    <keyboard-shortcut first-keystroke="shift alt left" />
  </action>
  <action id="EditorScrollDown" />
  <action id="EditorScrollToCenter" />
  <action id="EditorScrollUp" />
  <action id="EditorShowGutterIconTooltip" />
  <action id="EditorSplitLine" />
  <action id="EditorStartNewLine" />
  <action id="EditorStartNewLineBefore" />
  <action id="EditorToggleColumnMode" />
  <action id="EditorToggleInsertState" />
  <action id="EmmetNextEditPoint" />
  <action id="EmmetPreviousEditPoint" />
  <action id="EmojiPicker.Open" />
  <action id="EvaluateExpression">
    <keyboard-shortcut first-keystroke="alt e" />
  </action>
  <action id="ExpandAllToLevel1" />
  <action id="ExpandAllToLevel2" />
  <action id="ExpandAllToLevel3" />
  <action id="ExpandAllToLevel4" />
  <action id="ExpandAllToLevel5" />
  <action id="ExpandRegionRecursively" />
  <action id="ExpandToLevel1" />
  <action id="ExpandToLevel2" />
  <action id="ExpandToLevel3" />
  <action id="ExpandToLevel4" />
  <action id="ExpandToLevel5" />
  <action id="ExportToTextFile" />
  <action id="ExternalJavaDoc" />
  <action id="ExternalSystem.ProjectRefreshAction" />
  <action id="Find">
    <keyboard-shortcut first-keystroke="ctrl f" />
  </action>
  <action id="FindNext" />
  <action id="FindPrevWordAtCaret" />
  <action id="FindPrevious" />
  <action id="FindUsages">
    <keyboard-shortcut first-keystroke="ctrl f7" />
  </action>
  <action id="FindUsagesInFile" />
  <action id="FindWordAtCaret" />
  <action id="ForceOthersToFollowAction" />
  <action id="ForceRunToCursor" />
  <action id="ForceStepInto" />
  <action id="ForceStepOver" />
  <action id="Forward">
    <keyboard-shortcut first-keystroke="ctrl alt right" />
  </action>
  <action id="Generate">
    <keyboard-shortcut first-keystroke="ctrl n" />
  </action>
  <action id="GitToolBox.BlameDetails" />
  <action id="GotoClass">
    <keyboard-shortcut first-keystroke="ctrl o" />
  </action>
  <action id="GotoDeclaration">
    <mouse-shortcut keystroke="control button1" />
  </action>
  <action id="GotoFile">
    <keyboard-shortcut first-keystroke="shift ctrl o" />
  </action>
  <action id="GotoImplementation">
    <mouse-shortcut keystroke="control alt button1" />
  </action>
  <action id="GotoNextError" />
  <action id="GotoPreviousError" />
  <action id="GotoSymbol">
    <keyboard-shortcut first-keystroke="shift ctrl alt o" />
  </action>
  <action id="GotoTypeDeclaration">
    <mouse-shortcut keystroke="shift control button1" />
  </action>
  <action id="HideActiveWindow">
    <keyboard-shortcut first-keystroke="ctrl escape" />
  </action>
  <action id="HideAllWindows">
    <keyboard-shortcut first-keystroke="shift ctrl escape" />
  </action>
  <action id="HighlightUsagesInFile">
    <keyboard-shortcut first-keystroke="shift alt f7" />
  </action>
  <action id="HippieBackwardCompletion" />
  <action id="HippieCompletion" />
  <action id="Images.Thumbnails.Hide" />
  <action id="ImplementMethods">
    <keyboard-shortcut first-keystroke="alt i" />
  </action>
  <action id="Jdbc.OpenConsole.New.Generate" />
  <action id="JumpToLastChange" />
  <action id="JumpToLastWindow" />
  <action id="Kotlin.RunScratch" />
  <action id="MavenHelper.QuickRunMavenGoal" />
  <action id="MavenHelper.QuickRunRootMavenGoal" />
  <action id="MaximizeToolWindow" />
  <action id="MethodDown" />
  <action id="MethodHierarchy">
    <keyboard-shortcut first-keystroke="ctrl alt h" />
  </action>
  <action id="MethodUp" />
  <action id="MoveElementLeft" />
  <action id="MoveElementRight" />
  <action id="MoveLineDown" />
  <action id="MoveLineUp" />
  <action id="MoveStatementDown" />
  <action id="MoveStatementUp" />
  <action id="MoveTabDown">
    <keyboard-shortcut first-keystroke="alt j" />
  </action>
  <action id="MoveTabRight">
    <keyboard-shortcut first-keystroke="alt k" />
  </action>
  <action id="Mvc.RunTarget" />
  <action id="NewElement">
    <keyboard-shortcut first-keystroke="alt insert" />
    <keyboard-shortcut first-keystroke="ctrl n" />
  </action>
  <action id="NewScratchFile">
    <keyboard-shortcut first-keystroke="shift ctrl n" />
  </action>
  <action id="NextEditorTab" />
  <action id="NextProjectWindow" />
  <action id="NextTab">
    <mouse-shortcut keystroke="button4" />
  </action>
  <action id="OpenCodotaSearch" />
  <action id="OpenInRightSplit" />
  <action id="OptimizeImports">
    <keyboard-shortcut first-keystroke="ctrl alt i" />
  </action>
  <action id="OverrideMethods">
    <keyboard-shortcut first-keystroke="alt o" />
  </action>
  <action id="PasteMultiple" />
  <action id="PopupHector" />
  <action id="PreviousEditorTab" />
  <action id="PreviousProjectWindow" />
  <action id="PreviousTab">
    <mouse-shortcut keystroke="button5" />
  </action>
  <action id="PublishGroup.UploadTo" />
  <action id="QuickChangeScheme" />
  <action id="QuickEvaluateExpression">
    <keyboard-shortcut first-keystroke="shift alt e" />
  </action>
  <action id="QuickImplementations">
    <keyboard-shortcut first-keystroke="alt c" />
  </action>
  <action id="QuickJavaDoc">
    <keyboard-shortcut first-keystroke="ctrl alt released d" />
  </action>
  <action id="QuickToggleEditorHighlight" />
  <action id="RecentChanges" />
  <action id="RerunTests" />
  <action id="ResizeToolWindowDown" />
  <action id="ResizeToolWindowLeft" />
  <action id="ResizeToolWindowRight" />
  <action id="ResizeToolWindowUp" />
  <action id="RestoreDefaultLayout" />
  <action id="Resume" />
  <action id="Run">
    <keyboard-shortcut first-keystroke="shift alt r" />
  </action>
  <action id="RunAnything">
    <keyboard-shortcut first-keystroke="ctrl alt released r" />
  </action>
  <action id="RunInspection" />
  <action id="RunJsbtTask" />
  <action id="RunTargetAction" />
  <action id="RunToCursor">
    <keyboard-shortcut first-keystroke="alt q" />
  </action>
  <action id="SelectNextOccurrence" />
  <action id="ShowBookmarks" />
  <action id="ShowContent" />
  <action id="ShowExecutionPoint">
    <keyboard-shortcut first-keystroke="alt x" />
  </action>
  <action id="ShowIntentionActions">
    <keyboard-shortcut first-keystroke="ctrl enter" />
  </action>
  <action id="ShowProjectStructureSettings">
    <keyboard-shortcut first-keystroke="shift ctrl comma" />
  </action>
  <action id="ShowSettings">
    <keyboard-shortcut first-keystroke="ctrl comma" />
  </action>
  <action id="ShowTypeBookmarks" />
  <action id="ShowUsages">
    <keyboard-shortcut first-keystroke="alt f7" />
  </action>
  <action id="SmartStepInto" />
  <action id="SplitHorizontally">
    <keyboard-shortcut first-keystroke="shift alt j" />
  </action>
  <action id="SplitVertically">
    <keyboard-shortcut first-keystroke="shift alt k" />
  </action>
  <action id="StepInto">
    <keyboard-shortcut first-keystroke="alt d" />
  </action>
  <action id="StepOut">
    <keyboard-shortcut first-keystroke="alt a" />
  </action>
  <action id="StepOver">
    <keyboard-shortcut first-keystroke="alt s" />
  </action>
  <action id="Stop" />
  <action id="StopBackgroundProcesses" />
  <action id="SurroundWith">
    <keyboard-shortcut first-keystroke="alt t" />
  </action>
  <action id="SwitchCoverage" />
  <action id="TextSearchAction" />
  <action id="ToggleBookmark" />
  <action id="ToggleBookmarkWithMnemonic" />
  <action id="ToggleFindInSelection" />
  <action id="ToggleLineBreakpoint">
    <keyboard-shortcut first-keystroke="alt f8" />
  </action>
  <action id="ToggleTemporaryLineBreakpoint">
    <keyboard-shortcut first-keystroke="shift alt f8" />
  </action>
  <action id="Toolkit.GotoService">
    <keyboard-shortcut first-keystroke="ctrl alt n" />
  </action>
  <action id="TypeHierarchy">
    <keyboard-shortcut first-keystroke="alt h" />
  </action>
  <action id="UnselectPreviousOccurrence" />
  <action id="UpdateRunningApplication">
    <keyboard-shortcut first-keystroke="shift alt u" />
  </action>
  <action id="UsageGrouping.FlattenModules" />
  <action id="ViewBreakpoints">
    <keyboard-shortcut first-keystroke="ctrl alt released f8" />
  </action>
  <action id="ViewSource" />
  <action id="XDebugger.AttachToProcess" />
  <action id="XPathView.Actions.Evaluate" />
  <action id="XPathView.Actions.FindByExpression" />
  <action id="XPathView.Actions.ShowPath" />
  <action id="android.deploy.CodeSwap" />
  <action id="hg4idea.QFold" />
  <action id="sql.SelectInDatabaseView" />
  <action id="tasks.open.in.browser" />
  <action id="tasks.switch" />
</keymap>